{"cameraMode":{"drawMode":0,"name":"Shaded","section":"Shading Mode"},"sceneLighting":true,"audioPlay":false,"sceneViewState":{"showFog":true,"showMaterialUpdate":true,"showSkybox":true,"showFlares":true,"showImageEffects":true,"showParticleSystems":true},"in2DMode":false,"pivot":{"x":5.6646504402160648,"y":-0.3828163146972656,"z":3.636284112930298},"rotation":{"x":-0.10469644516706467,"y":0.08879672735929489,"z":-0.009425826370716095,"w":-0.990532636642456},"size":4.525507926940918,"orthographic":false}