{"cameraMode":{"drawMode":0,"name":"Shaded","section":"Shading Mode"},"sceneLighting":true,"audioPlay":false,"sceneViewState":{"showFog":true,"showMaterialUpdate":true,"showSkybox":false,"showFlares":true,"showImageEffects":true,"showParticleSystems":true},"in2DMode":false,"pivot":{"x":10.828271865844727,"y":0.2144692838191986,"z":1.3850367069244385},"rotation":{"x":-0.002452512737363577,"y":-0.9587276577949524,"z":0.28433284163475039,"w":-0.008359565399587155},"size":1.7781753540039063,"orthographic":false}