{"cameraMode":{"drawMode":0,"name":"Shaded","section":"Shading Mode"},"sceneLighting":false,"audioPlay":false,"sceneViewState":{"showFog":true,"showMaterialUpdate":true,"showSkybox":false,"showFlares":true,"showImageEffects":true,"showParticleSystems":true},"in2DMode":false,"pivot":{"x":1.0067356824874879,"y":4.57818078994751,"z":6.311728477478027},"rotation":{"x":-0.018295710906386377,"y":0.9775400161743164,"z":-0.18729732930660249,"w":-0.0953105017542839},"size":13.25744342803955,"orthographic":false}